theme,freq,agent_utterance
default,58, ありがとうございました・・
default,18, ありがとうございます。
default,6, ありがとうございます。参考にさせていただきます。
default,3, いいですね，とても興味深いです！
default,9, すごいですね。
default,5, すごいですね！
default,1, すごい！
default,4, そうですか、なかなかですね。
default,1, そうですか、残念です・・
default,4, そうですね、わかります。
default,5, そうですね。
default,8, そうですね・・ぜひ参考にさせていただきます。
default,1, そうなんですか．
default,3, そうなんですか．それでは一度独自で調べてみたいと思います．
default,1, そうなんですか．私も独自に調べてみますね．
default,57, そうなんですね。
default,1, そうなんですね，新しい知識が増えました，今度知りあいにもすすめてみたいと思います！
default,1, そうなんですね．新しい知識が増えました！ありがとうございます！
default,2, そのほかで、おすすめのものはありますか？あったら教えてください．
default,6, そのほかにおすすめのものはありますか？
default,5, それのどういったところが好きなんですか？
default,3, それは大変ですよね。
default,6, それは面白そうですね。
default,2, たのしそうですね。
default,3, どういったところが好きなんですか？
default,128, なるほど、そうなんですね。
default,2, なるほど、そうなんですね・・
default,7, なるほど、それは面白そうですね。
default,4, なるほど、それは面白そうですね。今度しりあいにもすすめてみたいと思います！
default,7, なるほど、よくご存じですね・・
default,16, なるほど、勉強になります・・
default,5, なるほど、面白そうですね！
default,47, なるほど。
default,10, はい、そうです。
default,2, ほかには、ありますか？
default,31, もう少し詳しく教えていただいていいですか。
default,3, よくご存じですね。
default,19, 具体的にはどういったものですか？
default,9, 具体的には何ですか？
default,13, 具体的には教えてもらえますか？
default,3, 具体的に教えてください？
default,20, 具体的に教えてもらっていいですか？
default,1, 大変ですよね。
default,19, 本当ですか！
default,10, 楽しそうですね！
default,8, 素敵な趣味ですね。
default,2, 面白いですよね。
アニメ・漫画,1, おすすめのアニメってありますか？
アニメ・漫画,2, おすすめの漫画ってありますか？
アニメ・漫画,10, それは一体どういった内容なんですか？
アニメ・漫画,1, 最近アニメや漫画をよく見ますか？
アニメ・漫画,1, 楽しそうですね。今度知りあいにすすめてみたいと思います！
アニメ・漫画,2, 見たことのあるものの中で一番好きなものはなんですか？
エスエヌエス,1, 「エスエヌエス」のともだちと実際に、会ったことはありますか・・
エスエヌエス,8, 「エスエヌエス」を利用して、何か面白かったことはありますか・・
エスエヌエス,15, 「エスエヌエス」を利用していてハプニングにあったことはありますか？
エスエヌエス,2, いいですね，私も使ってみたいです！
エスエヌエス,1, いいですね．使ってみると面白そうですね！
エスエヌエス,13, おすすめの便利なきのうとかはありますか？
エスエヌエス,3, これは「おすすめ」というものはありますか？
エスエヌエス,25, さいきんは「エスエヌエス」をして、過ごすひともいると聞きますが、「エスエヌエス」はなにか利用しますか？
エスエヌエス,10, そうですか，いいものが見つかるといいですね．
エスエヌエス,19, なるほど、そういうふうに利用されているのですね。
エスエヌエス,1, ほかにたいへんだったことはありますか・・
エスエヌエス,21, ショッピングで「アマゾン」などはよく利用しますか？
エスエヌエス,10, 使い心地はどうですか？
エスエヌエス,17, 具体的にどういったものを買いますか？
エスエヌエス,15, 具体的になんのために利用していますか？
ゲーム,4, いつもはどんなジャンルのゲームをするんですか？
ゲーム,4, そのゲームのどんなところが好きなんですか？
ゲーム,1, それはなんていう作品なんですか？
ゲーム,3, では、やったことのあるゲームの中で、もう一度やりたいものはありますか？
ゲーム,5, ゲームはよくする方なんですか？
ゲーム,6, 代表的なものにスプラトゥーンやカービィ、マリオのゲームなどありますが、遊んだことはありますか？
ゲーム,1, 好きなゲームやおすすめのゲームってありますか？
ゲーム,6, 子供から大人まで最近はスイッチというゲーム機でゲームをするのが流行っているみたいですね。
ゲーム,2, 携帯ゲームかテレビゲームならどちらをしますか？
ゲーム,5, 最近ハマっているゲームはありますか？
ゲーム,5, 私の知りあいはマリオテニスを試してみたそうです！あんがい体も動かせて楽しかったと言っていました。よろしければ、今度ためしてみてください！	
スポーツ,19, 1964年以来56年ぶりの日本でのオリンピック開催で，たくさんの競技が行われるのでいってみたいものですね！
スポーツ,20, 2020年には、オリンピックが日本で開催されるようですね。ご存じですか？
スポーツ,9, いいですね。テレビ観戦も楽しそうですね！
スポーツ,4, これからの季節は暖かくなるので、散歩などは気持ちがいいですよね。
スポーツ,3, するのが好きなんですね．最近はどちらでそのスポーツを楽しみましたか？
スポーツ,3, そうですか。そのスポーツはテレビで鑑賞はされますか・・
スポーツ,4, そうですか。テレビでの観戦はなされるんですか？
スポーツ,16, そのほか健康のために、気をつけていることはありますか？
スポーツ,2, そのスポーツのおすすめポイントを教えてください＾＾
スポーツ,1, どんなスポーツをされましたか？
スポーツ,5, なにかおすすめのスポーツ観戦はありますか？
スポーツ,10, なるほど、健康的で、ステキですね・・
スポーツ,2, なるほど、面白そうですね，機会があればわたしも見てみたいです！
スポーツ,15, オリンピックは今までに見たことはありますか？
スポーツ,9, スポーツはするほうが好きですか？それとも見るほうが好きですか？
スポーツ,1, スポーツはよくするんですか？
スポーツ,6, スポーツをする目的は何ですか？
スポーツ,16, 健康のため、とか、リフレッシュするため、とかですか？
スポーツ,3, 好きなスポーツはなんですか？
スポーツ,16, 日本で開催されるオリンピックを、見にいく予定はありますか？
スポーツ,7, 最近スポーツはしましたか？
スポーツ,7, 競技はなにをご覧になりますか？
スポーツ,1, 見るのが好きなんですね．最近はどこで見たんですか？
ドラマ,2, あまり見ないんですね。では、今までに見た中で一番好きなドラマはありますか？
ドラマ,13, さいきんドラマは見ましたか？
ドラマ,2, そういった番組も面白いですよね。
ドラマ,5, そのドラマのどういったところが好きなんですか？
ドラマ,9, そのドラマはどんな内容なんですか？
ドラマ,1, では，おすすめのドラマは何ですか？よろしければ教えてください。
ドラマ,5, ドラマはよく見る方ですか？
ドラマ,4, 健康番組、とかトーク番組とか見られますか？
休日,1, いぬがたのロボットで、とてもかわいがる人もいるようです。
休日,2, お子さんとはよく公園で遊びますか？
休日,2, お子さんと遊ぶのは体力が必要で、大変ですよね。
休日,12, そとで過ごすときはスポーツをしたりしますか・・
休日,7, グーグルホームのようなスピーカーを使って、家事を効率化させたいとは思いますか？
休日,3, 一度ネットワークにつなぐと、あとはラクなようですよ。
休日,2, 人工知能を搭載した、アイボのようなロボットに興味はありますか？
休日,10, 人工知能を搭載した、ルンバのような家電を使ったことはありますか？
休日,29, 休日は家で過ごすほうが多いですか？外出することが多いですか？
休日,1, 何をして遊ぶことが多いですか？
休日,1, 公園は近くにありますか？それとも自転車に乗って行かないと行けないですか？
休日,26, 家で過ごすとき、ゲームをしたり映画を見たり、本やマンガを読んだり、何をして過ごしますか？
休日,4, 家事はひとりでぜんぶしますか？家族は協力してくれたりしますか？
休日,2, 散歩とかエサの心配とかしなくていいので、居てくれるだけで、「安心する」という人もいるようです。
休日,1, 私の知り合いは、子供と公園で遊ぶと、つぎの日は筋肉痛になるといっていました。
休日,3, 自動でカーテンをあけしめしてくれたり、ルンバで掃除を済ませてくれたりするそうです。
学校,14, その時、どんなことをしたのですか？
学校,6, それはご活躍されたんですね・・
学校,4, それはたいへんでしたね。
学校,12, それは楽しい時間でしたね！
学校,4, それは面白い体験ですね！
学校,3, ほかにたいへんだったことはありますか？
学校,7, ほかにエピソードはありますか？
学校,8, 今までの体験の中で、そのほか、楽しかったことはありますか？
学校,5, 学生時代、たいへんだった体験はありますか？
学校,9, 学生時代、一番楽しかった学年はありますか？
学校,8, 学生時代で、楽しかったエピソードを教えてください・・
学校,6, 最近、お子さんの学校のピーティーエーはたいへんと聞きますが、参加されたことはありますか？
学校,3, 最近、学校にはいきましたか？
学校,4, 貴重な体験をされましたね・・
学校,9, 貴重な体験談をありがとうございました・・
学校,7, 運動会や、学芸会などのイベントで面白かった体験はありますか？
学校,1, 面白かったんですね！
旅行,15, 「温泉」などリフレッシュするためにいきますか？
旅行,23, さいきん旅行には行きましたか？
旅行,5, すごい！面白い体験をされましたね!
旅行,5, その旅先で何かハプニングはありましたか!
旅行,23, その旅先で何が一番楽しかったですか？
旅行,22, その旅先で美味しい食べ物はたべましたか・・
旅行,14, それは、美味しそうですね。
旅行,5, たとえば、たてものをみる、とか美術館にいく、とか、おいしいものをたべるとか・・
旅行,7, なるほど、それはリラックスできますね。
旅行,10, なるほど、それは素晴らしい経験ですね。
旅行,16, ほかには何か面白いことはありましたか？
旅行,23, 今までいった「旅行」で特におすすめの場所はありますか？
旅行,4, 先日、旅行にいったしりあいが、サグラダファミリア教会は「見ると感動する」と言っていました。そのほかグエル公園なども人気で、ほかには美術館もたくさんあって、「ピカソ」や「ミロ」もあるそうです・・
旅行,4, 数年前からスペインの「バルセロナ」は人気の観光スポットですが、ご存知ですか？
旅行,4, 旅行にはよく行かれますか？
旅行,11, 旅行に行くときはなにか目的はありますか？
旅行,10, 旅行はどこに行ったことがありますか？
旅行,20, 貴重な体験談をありがとうございました。
映画,4, 「映画館」か「テレビ」かどちらでよく映画をみますか？
映画,3, おすすめの映画ってありますか？
映画,1, そうですか，では一度独自で調べてみますね！
映画,1, そうなんですか，では先程おすすめされたものをみんなに伝えてみますね！
映画,10, それは一体どういった内容なんですか？
映画,1, それ以外が好きなんですか，どんなジャンルの映画が好きなんですか？
映画,4, では，もう一度見たい映画はありますか？
映画,3, では，最近どんな映画を見られたんですか？
映画,4, なるほど、それは面白そうですね！私も観てみたいです！
映画,1, なるほど，では私もチェックしておきますね！
映画,4, 映画では洋画，邦画，それ以外のどれが好きですか？
映画,2, 最近映画は見ましたか？
映画,11, 最近見た映画はありますか？
映画,5, 洋画が好きなんですか，おすすめの洋画ってありますか？
映画,4, 私の知りあいは、本当は映画館でみたいそうですが、いつもテレビの放送ですませてしまうと言っていました・・
映画,3, 邦画が好きなんですか，おすすめの邦画ってありますか？
本,2, あまり読まないんですね。では今までに読んだ中で一番好きな本はありますか？
本,1, そうなんですか，その作品はおすすめですか？
本,1, その作者のどういったところが好きなんですか？
本,3, その本のどういったところが好きなんですか？
本,1, それはどんな「内容」なんですか？
本,1, なるほど、それは面白そうですね。今度知りあいにすすめてみます。
本,3, よく読むんですか。いいですね。おすすめの作者や本はありますか？
本,1, 一番好きなシーンなどはありますか？
本,6, 最近本は読みましたか？
本,7, 本はよく読む方ですか？
本,3, 本を買うときは本屋さんにいきますか？それともウェブで「ダウンロード」しますか？
音楽,7, おすすめの曲はありますか？
音楽,3, おすすめの歌手やきょくってありますか？
音楽,3, がっきは何を演奏するのですか。
音楽,2, すごいですね。一度聞かせていただけるとうれしいです。
音楽,2, そうなんですね。新しい知識が増えました。私も一度聞いてみたいと思います！
音楽,7, そのきょくのどういうところが好きなんですか？
音楽,8, そのほか「スローテンポ」のきょくで、ボサノバとか、カフェでかかっているような音楽をかけてリラックスするひともいると聞きましたが、リラックスするために聞く、きょくとかはありますか？
音楽,1, その作曲者のどういうところが好きなんですか？
音楽,10, その歌手のどういうところが好きなんですか？
音楽,10, とても楽しそうですね。
音楽,4, なまで演奏をきくと、迫力があって、感動するみたいですね！
音楽,3, わたしも実際に、演奏をきいてみたいものです。
音楽,9, カラオケでよくなにをうたうのですか？
音楽,3, カラオケで歌ったりするのですか？
音楽,4, カラオケに行くときはお友達と行きますか？
音楽,14, カラオケは好きですか？
音楽,2, クラシックが好きなんですか。おすすめの作曲者やきょくってありますか？
音楽,6, コンサートとかには行きますか？
音楽,6, 最近音楽は聞きましたか？
音楽,6, 洋楽が好きなんですか。おすすめの歌手やきょくってありますか？
音楽,22, 聞くとしたら、邦楽，洋楽，クラシックなどどんなジャンルを聞きますか？
音楽,8, 邦楽が好きなんですか。おすすめの歌手やきょくってありますか？
食事,1, いい思い出だったようです。
食事,2, おばあちゃんがよく家で出してくれていたと言っていました。
食事,9, お友達とランチに行ったりしますか？
食事,15, からい食べものとはどんな食べものが好きですか？
食事,8, そうですか、とても美味しそうですね・・
食事,2, そうですか。最近はまっている食べ物はありますか・・
食事,12, それは「最近」食べられたんですか？
食事,8, たくさんおしゃべりをすると、楽しくて、ストレスが発散できるようですね。
食事,17, ちょっと特別なスイーツを買うときは近くのお店とか「デパートの地下」とか、利用しますか？
食事,4, とても美味しそうですね。今度知りあいにもすすめてみようと思います・・
食事,8, どこで食べられたんですか・・
食事,7, どんなところに行きますか？和食ですか洋食ですか？
食事,20, なるほど、その中でもおすすめのスイーツはありますか？
食事,11, なるほど、それは美味しそうですね・・
食事,23, なるほど、普段はどこでスイーツを買いますか？
食事,1, 具体的にどういう味か教えてください。
食事,24, 甘いものでしたらチョコレートやケーキといった、どのジャンルのものを好んで食べますか？
食事,30, 甘いものと、からいものどちらがお好きですか？
食事,8, 私の友人はあんこ系が好きだそうです。あずきときなこは、体や肌にいいそうで、よく食べてるそうです・・
食事,10, 私の知りあいの人はおつまみが好きで、さきいかにマヨネーズと七味をつけて食べるのが好きだそうです。おつまみは食べますか？
